<?xml version="1.0" encoding="UTF-8"?>
<project-private xmlns="http://www.netbeans.org/ns/project-private/1">
    <editor-bookmarks xmlns="http://www.netbeans.org/ns/editor-bookmarks/2" lastBookmarkId="0"/>
    <open-files xmlns="http://www.netbeans.org/ns/projectui-open-files/2">
        <group>
            <file>file:/C:/Users/PC%20EXPRESS%20NAVOJOA/Downloads/ITSON%202025/4%20Metodos%20Num%20Computacionales/5TA%20UNIDAD/pruebaInterpolacion/src/pruebas/PruebaInterpolacion.java</file>
            <file>file:/C:/Users/PC%20EXPRESS%20NAVOJOA/Downloads/ITSON%202025/4%20Metodos%20Num%20Computacionales/5TA%20UNIDAD/pruebaInterpolacion/src/pruebas/InterpolacionGUI.java</file>
        </group>
    </open-files>
</project-private>
